Age,MaritalStatus,AnnualConsumption,DayNightConsumption,IncomeLevel,DwellingArea,HasChildren,SolarRoof,ShiftableLoad,AttitudeSustainability,Tariff
60,'4',4420,0.811033,'4','3','FALSE','TRUE','3','1','Tariff 3'
43,'4',4127,0.464281,'1','1','FALSE','FALSE','3','1','Tariff 1'
64,'6',4564,0.785733,'2','4','FALSE','TRUE','2','2','Tariff 2'
44,'6',3689,0.618946,'3','1','FALSE','TRUE','3','3','Tariff 1'
19,'5',5311,0.281707,'2','1','TRUE','FALSE','4','2','Tariff 1'
76,'2',4983,0.822229,'4','2','FALSE','TRUE','3','3','Tariff 1'
20,'6',2873,0.853189,'4','2','TRUE','TRUE','3','1','Tariff 2'
33,'4',4991,0.768592,'4','1','TRUE','TRUE','1','3','Tariff 2'
37,'6',3369,0.016872,'4','4','FALSE','TRUE','4','3','Tariff 1'
56,'6',2765,0.661281,'4','1','TRUE','TRUE','2','2','Tariff 1'
76,'4',3935,0.910045,'4','1','TRUE','TRUE','3','2','Tariff 2'
75,'2',4831,0.719197,'4','2','FALSE','FALSE','3','1','Tariff 1'
28,'2',2192,0.187659,'1','2','TRUE','TRUE','3','3','Tariff 3'
38,'6',5244,0.551843,'1','2','FALSE','FALSE','3','3','Tariff 2'
40,'3',4709,0.404737,'4','1','TRUE','TRUE','1','1','Tariff 1'
74,'3',2242,0.801397,'4','3','TRUE','TRUE','4','3','Tariff 1'
40,'3',2902,0.808481,'2','2','TRUE','TRUE','2','3','Tariff 3'
29,'6',5099,0.899784,'3','4','TRUE','FALSE','1','1','Tariff 2'
68,'2',5190,0.913851,'2','3','TRUE','TRUE','3','2','Tariff 3'
67,'6',4274,0.83355,'5','3','FALSE','FALSE','4','2','Tariff 1'
59,'4',3894,0.290205,'2','4','TRUE','TRUE','3','3','Tariff 3'
59,'6',4648,0.931858,'1','3','TRUE','FALSE','4','2','Tariff 1'
72,'1',3583,0.087197,'2','4','FALSE','FALSE','4','3','Tariff 1'
34,'6',2428,0.108848,'3','1','TRUE','FALSE','4','3','Tariff 2'
29,'2',3910,0.277381,'4','1','TRUE','FALSE','2','2','Tariff 1'
22,'3',5395,0.901101,'4','4','FALSE','TRUE','4','2','Tariff 1'
54,'4',2912,0.801853,'3','4','TRUE','FALSE','2','1','Tariff 2'
27,'1',4420,0.478607,'4','2','TRUE','FALSE','3','2','Tariff 3'
69,'1',4249,0.544381,'2','1','FALSE','TRUE','2','3','Tariff 1'
65,'6',5444,0.492417,'4','3','TRUE','FALSE','3','3','Tariff 2'
74,'6',4536,0.708727,'1','1','TRUE','FALSE','2','1','Tariff 1'
27,'2',4117,0.807362,'5','1','TRUE','FALSE','1','2','Tariff 2'
62,'6',2245,0.972398,'1','4','FALSE','TRUE','3','3','Tariff 1'
72,'4',2664,0.491532,'4','2','FALSE','TRUE','4','3','Tariff 3'
19,'3',3442,0.086647,'4','3','TRUE','TRUE','2','3','Tariff 3'
49,'3',4029,0.767733,'5','3','TRUE','TRUE','1','1','Tariff 1'
28,'3',5319,0.095081,'3','2','FALSE','TRUE','1','2','Tariff 1'
36,'2',4766,0.332293,'4','2','FALSE','FALSE','2','3','Tariff 1'
37,'1',3231,0.369186,'3','4','TRUE','FALSE','4','2','Tariff 1'
42,'5',3460,0.604192,'3','3','TRUE','FALSE','4','2','Tariff 1'
26,'6',2351,0.385108,'2','2','TRUE','FALSE','3','1','Tariff 2'
73,'6',3715,0.157771,'4','1','FALSE','TRUE','4','3','Tariff 1'
48,'3',2752,0.878377,'4','2','TRUE','FALSE','1','3','Tariff 1'
71,'2',3154,0.12474,'3','2','FALSE','TRUE','2','2','Tariff 1'
52,'2',4028,0.357385,'2','1','TRUE','TRUE','1','2','Tariff 1'
54,'2',4695,0.5199,'1','4','FALSE','FALSE','2','1','Tariff 1'
68,'4',4485,0.187142,'4','3','FALSE','FALSE','3','3','Tariff 2'
54,'5',2224,0.778109,'2','1','TRUE','TRUE','1','2','Tariff 2'
54,'4',3523,0.686568,'2','1','FALSE','FALSE','2','3','Tariff 2'
41,'5',3212,0.800372,'1','4','TRUE','TRUE','1','3','Tariff 1'
73,'5',2285,0.138756,'4','3','TRUE','FALSE','4','1','Tariff 2'
43,'6',3809,0.24153,'4','3','TRUE','TRUE','3','3','Tariff 1'
76,'1',5165,0.877466,'4','2','TRUE','TRUE','4','3','Tariff 2'
51,'3',3809,0.862296,'2','2','TRUE','FALSE','2','2','Tariff 3'
20,'5',4079,0.876797,'1','3','FALSE','FALSE','3','3','Tariff 2'
38,'3',5106,0.480209,'4','1','FALSE','TRUE','1','3','Tariff 1'
43,'5',4873,0.586429,'3','4','TRUE','FALSE','4','3','Tariff 2'
53,'5',4948,0.33761,'2','2','TRUE','FALSE','4','1','Tariff 2'
19,'5',3110,0.283045,'5','2','TRUE','TRUE','3','1','Tariff 2'
24,'1',2688,0.744535,'4','2','TRUE','TRUE','2','3','Tariff 1'
49,'5',3769,0.470169,'2','4','FALSE','TRUE','3','2','Tariff 3'
64,'4',3696,0.319499,'2','3','TRUE','FALSE','4','1','Tariff 1'
63,'4',4367,0.983424,'5','4','TRUE','FALSE','1','1','Tariff 1'
54,'3',4655,0.444704,'2','2','TRUE','FALSE','1','3','Tariff 1'
77,'6',3643,0.435505,'4','1','FALSE','FALSE','3','1','Tariff 1'
57,'2',4903,0.062096,'4','3','TRUE','FALSE','3','3','Tariff 2'
41,'3',4964,0.56359,'4','4','TRUE','FALSE','4','2','Tariff 1'
48,'2',2578,0.284802,'2','4','FALSE','FALSE','3','1','Tariff 1'
38,'6',2266,0.379361,'3','1','TRUE','FALSE','1','1','Tariff 1'
31,'6',2264,0.591476,'5','3','TRUE','TRUE','3','3','Tariff 1'
61,'6',3601,0.835901,'1','3','TRUE','TRUE','2','3','Tariff 1'
21,'5',2253,0.449518,'1','4','TRUE','TRUE','2','1','Tariff 2'
37,'6',5023,0.942919,'3','4','FALSE','TRUE','4','1','Tariff 3'
52,'3',5236,0.902479,'3','4','TRUE','TRUE','2','2','Tariff 1'
38,'4',4732,0.918507,'3','4','TRUE','TRUE','4','1','Tariff 2'
23,'5',4302,0.016573,'4','4','FALSE','TRUE','2','3','Tariff 3'
57,'3',3742,0.457132,'2','4','FALSE','FALSE','2','3','Tariff 1'
48,'5',2398,0.655149,'5','4','TRUE','FALSE','3','2','Tariff 2'
27,'1',4862,0.524947,'4','3','TRUE','FALSE','3','1','Tariff 1'
63,'6',2724,0.116546,'5','3','TRUE','FALSE','2','3','Tariff 2'
68,'4',3305,0.128892,'4','1','TRUE','TRUE','1','3','Tariff 3'
38,'3',4402,0.992583,'2','4','TRUE','TRUE','2','3','Tariff 2'
48,'5',2863,0.219113,'2','3','TRUE','FALSE','2','2','Tariff 2'
24,'2',4198,0.679189,'2','1','FALSE','TRUE','4','1','Tariff 1'
30,'5',2367,0.607956,'2','1','FALSE','TRUE','2','1','Tariff 1'
75,'4',2875,0.278748,'4','2','FALSE','TRUE','2','3','Tariff 3'
51,'2',2596,0.465639,'4','1','TRUE','TRUE','1','3','Tariff 1'
61,'4',3085,0.891429,'2','2','FALSE','FALSE','3','1','Tariff 2'
54,'5',3475,0.384297,'3','3','TRUE','TRUE','1','1','Tariff 2'
60,'2',4626,0.20032,'5','1','TRUE','TRUE','1','2','Tariff 2'
73,'4',4070,0.099685,'5','2','FALSE','TRUE','1','3','Tariff 3'
52,'6',3296,0.747178,'3','2','FALSE','TRUE','1','1','Tariff 1'
72,'5',2693,0.993899,'2','4','FALSE','TRUE','3','2','Tariff 3'
75,'4',5003,0.790872,'5','1','FALSE','FALSE','3','3','Tariff 2'
44,'3',4114,0.352823,'5','4','FALSE','TRUE','3','1','Tariff 1'
51,'2',3363,0.292657,'4','4','FALSE','FALSE','2','3','Tariff 1'
38,'2',5286,0.758041,'3','1','TRUE','TRUE','2','1','Tariff 3'
71,'3',3280,0.518729,'3','2','TRUE','TRUE','2','3','Tariff 1'
42,'3',2738,0.803158,'1','4','TRUE','FALSE','3','2','Tariff 1'
31,'6',2311,0.363358,'5','3','FALSE','FALSE','2','3','Tariff 2'
41,'5',5089,0.746968,'3','4','TRUE','FALSE','3','3','Tariff 1'
29,'1',3557,0.631586,'2','1','TRUE','TRUE','4','2','Tariff 1'
46,'1',3010,0.567993,'3','1','TRUE','TRUE','2','2','Tariff 1'
77,'2',2486,0.769884,'1','3','FALSE','FALSE','4','1','Tariff 1'
37,'4',4130,0.843403,'3','2','FALSE','TRUE','4','1','Tariff 3'
66,'1',4466,0.471472,'3','4','FALSE','TRUE','3','3','Tariff 1'
40,'5',3450,0.726343,'4','1','FALSE','FALSE','2','2','Tariff 2'
22,'3',3370,0.019804,'2','2','FALSE','TRUE','2','3','Tariff 1'
76,'6',3788,0.18469,'1','3','TRUE','TRUE','1','2','Tariff 2'
27,'2',3668,0.462912,'2','1','FALSE','TRUE','3','1','Tariff 1'
26,'1',2923,0.346241,'4','2','FALSE','TRUE','2','3','Tariff 1'
46,'1',2254,0.761264,'5','3','FALSE','FALSE','1','3','Tariff 1'
48,'5',4671,0.884389,'4','3','TRUE','TRUE','4','3','Tariff 1'
29,'1',2564,0.935151,'1','1','FALSE','FALSE','4','3','Tariff 1'
27,'1',2996,0.598263,'1','2','FALSE','FALSE','2','2','Tariff 1'
19,'6',4098,0.201526,'5','2','FALSE','FALSE','4','3','Tariff 2'
72,'1',5455,0.775027,'3','1','FALSE','FALSE','3','3','Tariff 1'
44,'1',4333,0.866047,'3','1','TRUE','TRUE','4','3','Tariff 1'
30,'1',3656,0.261882,'3','4','TRUE','TRUE','3','2','Tariff 1'
31,'3',3756,0.789675,'4','2','FALSE','TRUE','4','3','Tariff 1'
73,'6',4638,0.973216,'5','4','FALSE','TRUE','2','1','Tariff 1'
68,'2',5271,0.030766,'2','1','TRUE','TRUE','2','3','Tariff 1'
68,'3',2330,0.475201,'5','2','FALSE','TRUE','4','3','Tariff 1'
57,'5',3350,0.457694,'3','1','TRUE','FALSE','4','2','Tariff 1'
43,'2',4717,0.346708,'1','1','TRUE','FALSE','4','1','Tariff 1'
76,'1',4978,0.902654,'3','1','TRUE','TRUE','4','3','Tariff 3'
47,'5',3735,0.841324,'3','3','FALSE','FALSE','1','1','Tariff 2'
37,'4',4442,0.687661,'3','4','TRUE','TRUE','2','3','Tariff 1'
22,'6',2247,0.460022,'4','2','FALSE','TRUE','3','1','Tariff 3'
39,'4',3514,0.986678,'2','2','FALSE','FALSE','1','2','Tariff 2'
27,'4',2791,0.986052,'3','1','TRUE','TRUE','2','3','Tariff 1'
45,'3',2554,0.615264,'4','2','FALSE','TRUE','4','1','Tariff 1'
30,'5',5011,0.291081,'3','1','TRUE','FALSE','4','3','Tariff 2'
67,'2',3659,0.06758,'5','2','TRUE','FALSE','1','2','Tariff 3'
45,'3',5343,0.361799,'1','2','TRUE','FALSE','3','3','Tariff 2'
63,'3',4870,0.290943,'5','3','FALSE','TRUE','3','2','Tariff 1'
78,'4',2693,0.945885,'4','3','FALSE','TRUE','1','1','Tariff 1'
32,'2',3426,0.125408,'2','4','FALSE','FALSE','2','3','Tariff 1'
53,'3',4106,0.511573,'3','3','FALSE','TRUE','1','2','Tariff 1'
73,'1',3894,0.099833,'2','4','FALSE','TRUE','4','2','Tariff 1'
73,'5',3157,0.751568,'3','1','FALSE','FALSE','1','1','Tariff 2'
72,'6',2283,0.410325,'5','3','TRUE','FALSE','4','1','Tariff 1'
73,'1',5072,0.144535,'5','4','FALSE','TRUE','4','3','Tariff 1'
47,'3',5396,0.190344,'3','4','FALSE','TRUE','3','2','Tariff 1'
50,'1',3286,0.480239,'1','3','TRUE','TRUE','4','3','Tariff 1'
74,'1',3120,0.376622,'3','4','FALSE','TRUE','4','3','Tariff 1'
52,'2',2858,0.231132,'1','3','TRUE','TRUE','3','2','Tariff 1'
78,'6',4073,0.578587,'3','2','FALSE','FALSE','3','1','Tariff 2'
64,'3',4643,0.046836,'3','1','FALSE','FALSE','2','3','Tariff 1'
45,'1',2206,0.852622,'3','2','FALSE','FALSE','1','1','Tariff 1'
42,'1',4062,0.90097,'2','1','FALSE','FALSE','2','3','Tariff 1'
42,'5',3489,0.381962,'2','1','FALSE','FALSE','1','3','Tariff 1'
63,'2',3307,0.833811,'5','4','TRUE','FALSE','2','2','Tariff 1'
64,'4',4790,0.968641,'1','3','TRUE','TRUE','1','2','Tariff 2'
74,'6',4002,0.220535,'2','4','FALSE','FALSE','4','2','Tariff 1'
54,'6',2968,0.390168,'1','2','FALSE','FALSE','3','3','Tariff 2'
65,'1',2809,0.82375,'5','1','FALSE','TRUE','4','2','Tariff 1'
46,'6',3947,0.979472,'5','2','TRUE','TRUE','4','2','Tariff 3'
25,'6',2912,0.940599,'5','3','FALSE','TRUE','1','1','Tariff 1'
76,'2',3132,0.905444,'3','2','TRUE','FALSE','1','1','Tariff 2'
42,'5',3347,0.968132,'2','1','FALSE','FALSE','4','2','Tariff 2'
20,'3',2403,0.200828,'4','4','FALSE','FALSE','3','2','Tariff 1'
76,'2',3038,0.034538,'2','1','FALSE','FALSE','1','2','Tariff 1'
35,'2',4550,0.476317,'5','4','FALSE','FALSE','4','1','Tariff 1'
51,'5',3718,0.68623,'1','3','TRUE','TRUE','1','1','Tariff 2'
32,'1',2600,0.830962,'2','1','TRUE','FALSE','3','1','Tariff 2'
62,'2',3426,0.299048,'3','1','TRUE','FALSE','2','2','Tariff 1'
32,'6',2647,0.810203,'2','2','FALSE','FALSE','2','3','Tariff 1'
22,'1',2450,0.072748,'2','3','FALSE','TRUE','3','2','Tariff 1'
31,'3',4272,0.449183,'3','2','FALSE','FALSE','2','2','Tariff 1'
29,'1',2374,0.457631,'2','1','TRUE','FALSE','3','2','Tariff 1'
55,'5',4737,0.780123,'1','4','TRUE','TRUE','1','3','Tariff 1'
46,'2',5234,0.296086,'1','4','FALSE','TRUE','4','3','Tariff 1'
59,'2',4166,0.47223,'1','1','TRUE','FALSE','1','3','Tariff 3'
30,'1',3932,0.094967,'1','3','FALSE','TRUE','3','3','Tariff 1'
35,'6',3623,0.039419,'2','3','TRUE','FALSE','4','2','Tariff 2'
73,'1',5459,0.791211,'3','3','FALSE','FALSE','4','1','Tariff 1'
33,'4',2861,0.807506,'4','3','FALSE','FALSE','3','1','Tariff 2'
32,'1',4674,0.356693,'4','3','TRUE','TRUE','3','1','Tariff 2'
35,'4',4357,0.325737,'3','4','FALSE','TRUE','2','1','Tariff 3'
63,'5',3912,0.191933,'4','4','TRUE','TRUE','4','2','Tariff 3'
58,'6',3475,0.368902,'2','3','FALSE','TRUE','2','3','Tariff 1'
28,'5',5315,0.674341,'1','1','TRUE','TRUE','4','3','Tariff 1'
20,'1',2337,0.071674,'5','1','TRUE','TRUE','1','1','Tariff 1'
59,'5',4513,0.506939,'4','1','TRUE','FALSE','2','1','Tariff 1'
21,'2',5317,0.016454,'4','4','FALSE','FALSE','2','1','Tariff 1'
77,'5',2380,0.819102,'4','1','FALSE','FALSE','1','1','Tariff 1'
64,'2',4077,0.444384,'1','3','TRUE','TRUE','4','2','Tariff 3'
34,'1',2262,0.822279,'5','2','FALSE','TRUE','1','3','Tariff 1'
23,'1',3130,0.845361,'4','1','FALSE','TRUE','4','2','Tariff 1'
39,'5',2994,0.350805,'5','2','TRUE','TRUE','4','1','Tariff 2'
41,'5',4723,0.410049,'1','2','FALSE','FALSE','4','1','Tariff 2'
37,'2',4615,0.810054,'2','3','FALSE','TRUE','3','2','Tariff 1'
71,'4',2579,0.582849,'1','1','TRUE','FALSE','1','2','Tariff 1'
32,'1',3132,0.00991,'5','4','FALSE','FALSE','4','3','Tariff 1'
77,'2',4704,0.861519,'4','4','TRUE','FALSE','4','1','Tariff 2'
62,'2',2935,0.538881,'4','2','TRUE','FALSE','1','2','Tariff 3'
27,'5',2629,0.153182,'1','4','TRUE','TRUE','4','2','Tariff 2'
21,'6',3351,0.800565,'1','2','FALSE','TRUE','1','2','Tariff 3'
21,'6',4919,0.258552,'3','3','TRUE','FALSE','2','2','Tariff 1'
28,'5',2989,0.516279,'5','4','TRUE','FALSE','3','3','Tariff 1'
63,'6',5360,0.241578,'3','4','TRUE','FALSE','3','3','Tariff 2'
49,'2',3493,0.431655,'4','3','TRUE','FALSE','1','3','Tariff 2'
73,'1',4219,0.609974,'2','3','TRUE','TRUE','3','1','Tariff 1'
48,'4',3473,0.546454,'4','1','TRUE','TRUE','3','1','Tariff 2'
48,'6',2616,0.92708,'3','1','FALSE','TRUE','1','1','Tariff 1'
36,'2',5342,0.420515,'3','2','FALSE','FALSE','1','3','Tariff 1'
41,'3',2936,0.975696,'3','2','FALSE','FALSE','3','3','Tariff 1'
69,'1',3649,0.85899,'2','2','TRUE','TRUE','2','2','Tariff 1'
31,'5',3478,0.162424,'5','1','FALSE','TRUE','4','1','Tariff 3'
28,'3',4908,0.520424,'4','2','FALSE','TRUE','1','1','Tariff 1'
77,'5',3438,0.983935,'5','4','TRUE','FALSE','3','1','Tariff 1'
31,'6',2794,0.054843,'2','3','FALSE','TRUE','4','2','Tariff 1'
45,'1',4341,0.055708,'2','2','FALSE','FALSE','3','1','Tariff 1'
31,'5',3854,0.208138,'5','1','TRUE','FALSE','3','2','Tariff 1'
38,'3',3135,0.145086,'2','2','TRUE','TRUE','4','3','Tariff 3'
29,'5',4844,0.725521,'2','3','FALSE','FALSE','1','1','Tariff 2'
65,'4',4762,0.554172,'2','4','FALSE','TRUE','4','3','Tariff 2'
48,'2',2378,0.761752,'4','4','FALSE','TRUE','3','2','Tariff 1'
56,'2',3448,0.998601,'5','3','TRUE','FALSE','2','3','Tariff 2'
58,'6',5130,0.129735,'2','2','FALSE','FALSE','1','2','Tariff 2'
32,'1',4916,0.244663,'4','1','FALSE','TRUE','1','2','Tariff 1'
42,'4',3194,0.971794,'4','1','FALSE','TRUE','4','1','Tariff 1'
46,'4',4976,0.352854,'2','2','FALSE','FALSE','2','2','Tariff 2'
65,'3',2989,0.058811,'5','3','TRUE','TRUE','3','3','Tariff 1'
64,'1',5089,0.568349,'2','3','TRUE','FALSE','4','3','Tariff 1'
45,'4',5282,0.759948,'1','3','TRUE','FALSE','2','1','Tariff 2'
55,'1',5081,0.070352,'3','3','FALSE','TRUE','4','2','Tariff 1'
48,'5',4679,0.988016,'5','2','FALSE','TRUE','3','2','Tariff 3'
76,'4',2948,0.799035,'1','2','TRUE','FALSE','1','3','Tariff 1'
29,'4',3636,0.92999,'4','2','TRUE','FALSE','4','2','Tariff 1'
30,'4',4947,0.011785,'4','4','FALSE','FALSE','2','1','Tariff 2'
63,'6',4967,0.795496,'3','2','TRUE','TRUE','3','3','Tariff 1'
53,'6',4711,0.65491,'5','2','TRUE','FALSE','1','3','Tariff 2'
57,'2',2759,0.944446,'5','3','FALSE','TRUE','1','1','Tariff 1'
63,'6',5064,0.882295,'3','2','TRUE','FALSE','1','3','Tariff 1'
53,'6',4027,0.733862,'4','4','FALSE','TRUE','4','1','Tariff 3'
19,'4',3637,0.402833,'4','2','FALSE','FALSE','3','3','Tariff 2'
44,'4',3612,0.00821,'5','2','TRUE','TRUE','1','3','Tariff 2'
32,'1',3051,0.821979,'5','1','FALSE','TRUE','3','3','Tariff 1'
22,'2',5367,0.961519,'3','3','FALSE','FALSE','2','2','Tariff 1'
36,'5',2902,0.772254,'3','3','FALSE','FALSE','3','2','Tariff 2'
33,'3',3711,0.846772,'2','2','FALSE','FALSE','3','2','Tariff 1'
72,'4',4034,0.650005,'4','1','TRUE','FALSE','4','2','Tariff 1'
60,'5',5241,0.781655,'1','1','FALSE','TRUE','1','3','Tariff 2'
61,'6',3433,0.922656,'1','3','FALSE','FALSE','4','2','Tariff 1'
55,'1',5125,0.391921,'4','2','TRUE','FALSE','2','2','Tariff 1'
64,'1',4846,0.70789,'1','2','FALSE','TRUE','3','3','Tariff 1'
30,'5',4297,0.79638,'2','3','FALSE','FALSE','2','1','Tariff 2'
44,'1',2326,0.103873,'3','2','FALSE','TRUE','2','1','Tariff 1'
37,'5',3072,0.13173,'4','4','FALSE','TRUE','1','3','Tariff 2'
19,'4',2987,0.252323,'5','2','FALSE','TRUE','3','2','Tariff 3'
55,'4',5354,0.46183,'1','4','TRUE','FALSE','4','1','Tariff 2'
46,'5',4109,0.512928,'1','3','FALSE','TRUE','1','3','Tariff 3'
42,'1',4186,0.144326,'4','2','TRUE','FALSE','4','2','Tariff 3'
58,'1',4205,0.321596,'4','3','FALSE','TRUE','1','3','Tariff 1'
49,'4',4268,0.027099,'2','2','FALSE','FALSE','3','1','Tariff 2'
33,'3',2793,0.184016,'5','2','TRUE','FALSE','2','2','Tariff 3'
62,'3',2753,0.816382,'2','1','TRUE','TRUE','3','1','Tariff 2'
32,'3',5005,0.942052,'2','2','FALSE','FALSE','4','1','Tariff 1'
64,'2',2481,0.555727,'1','2','TRUE','FALSE','3','2','Tariff 3'
23,'3',5125,0.550056,'3','2','TRUE','FALSE','2','2','Tariff 1'
72,'6',4767,0.94748,'4','1','TRUE','TRUE','4','2','Tariff 2'
24,'5',5119,0.452123,'2','1','TRUE','FALSE','1','1','Tariff 1'
48,'4',4317,0.662986,'1','2','TRUE','FALSE','2','3','Tariff 2'
75,'6',4292,0.584679,'1','2','TRUE','FALSE','2','3','Tariff 2'
50,'3',2973,0.360434,'3','4','FALSE','FALSE','4','1','Tariff 1'
25,'6',3747,0.601382,'4','1','FALSE','TRUE','3','3','Tariff 1'
28,'1',3213,0.755566,'2','4','TRUE','TRUE','4','1','Tariff 3'
70,'6',2810,0.172852,'3','2','FALSE','TRUE','1','3','Tariff 3'
68,'5',3591,0.275343,'2','2','FALSE','FALSE','2','2','Tariff 2'
76,'4',3678,0.930693,'4','3','FALSE','TRUE','1','2','Tariff 2'
55,'2',3756,0.93233,'1','2','TRUE','FALSE','2','1','Tariff 1'
50,'5',3902,0.566284,'4','1','FALSE','TRUE','4','2','Tariff 3'
54,'1',5323,0.561615,'5','3','FALSE','TRUE','1','2','Tariff 1'
36,'2',3467,0.756911,'4','2','TRUE','TRUE','2','2','Tariff 3'
73,'1',3046,0.295608,'5','1','TRUE','TRUE','3','2','Tariff 1'
35,'2',2708,0.456554,'1','1','FALSE','FALSE','1','1','Tariff 1'
53,'1',2320,0.557377,'5','2','FALSE','FALSE','4','2','Tariff 1'
26,'6',3306,0.871718,'4','4','TRUE','FALSE','4','1','Tariff 2'
25,'6',2526,0.23208,'3','2','TRUE','FALSE','4','3','Tariff 1'
50,'2',4840,0.344391,'3','1','TRUE','TRUE','2','2','Tariff 1'
45,'6',4058,0.439639,'4','4','TRUE','FALSE','1','1','Tariff 1'
33,'4',4420,0.819078,'5','3','TRUE','TRUE','4','1','Tariff 2'
60,'4',4413,0.250634,'4','4','TRUE','FALSE','1','3','Tariff 1'
55,'6',2987,0.497806,'5','1','FALSE','FALSE','3','3','Tariff 1'
65,'6',2652,0.141278,'1','4','FALSE','TRUE','3','2','Tariff 1'
35,'4',2473,0.339394,'3','4','TRUE','TRUE','3','3','Tariff 3'
28,'6',2324,0.211622,'4','2','FALSE','FALSE','1','2','Tariff 1'
36,'4',4154,0.874774,'3','1','FALSE','TRUE','3','1','Tariff 1'
28,'1',5321,0.542349,'4','2','FALSE','TRUE','1','1','Tariff 1'
59,'6',3343,0.260878,'2','2','FALSE','FALSE','3','3','Tariff 2'
40,'4',2990,0.247797,'4','3','FALSE','FALSE','3','1','Tariff 2'
77,'2',2901,0.937924,'3','4','FALSE','TRUE','3','1','Tariff 1'
20,'1',3139,0.113429,'4','1','FALSE','FALSE','4','1','Tariff 1'
49,'6',3322,0.779738,'1','1','FALSE','TRUE','3','3','Tariff 1'
41,'6',3685,0.361744,'3','3','TRUE','TRUE','1','1','Tariff 2'
58,'5',5265,0.309215,'4','2','FALSE','FALSE','4','3','Tariff 2'
56,'6',3147,0.357635,'3','3','FALSE','FALSE','1','3','Tariff 2'
75,'4',3658,0.700685,'4','3','FALSE','FALSE','1','1','Tariff 2'
34,'4',5219,0.587972,'3','2','TRUE','TRUE','1','2','Tariff 2'
64,'3',2411,0.701802,'3','1','TRUE','FALSE','4','3','Tariff 2'
45,'6',4140,0.285678,'2','3','TRUE','TRUE','4','1','Tariff 1'
70,'5',5062,0.80791,'2','4','FALSE','TRUE','3','2','Tariff 2'
27,'1',4846,0.729885,'4','4','FALSE','TRUE','3','3','Tariff 1'
40,'4',3793,0.524358,'5','3','FALSE','FALSE','3','2','Tariff 2'
49,'4',2880,0.764718,'5','1','FALSE','FALSE','2','3','Tariff 1'
42,'2',4569,0.104029,'1','4','TRUE','TRUE','2','3','Tariff 1'
67,'6',2791,0.022676,'3','1','FALSE','FALSE','1','3','Tariff 2'
48,'6',2597,0.9798,'1','2','FALSE','FALSE','1','1','Tariff 2'
59,'4',5224,0.907032,'3','2','TRUE','TRUE','1','2','Tariff 3'
31,'6',2639,0.190664,'2','1','FALSE','FALSE','1','3','Tariff 1'
75,'1',2487,0.632756,'3','4','FALSE','FALSE','2','3','Tariff 1'
47,'1',4353,0.375966,'1','1','FALSE','TRUE','1','3','Tariff 1'
28,'2',2786,0.708399,'2','4','TRUE','TRUE','3','3','Tariff 3'
67,'3',4798,0.569184,'5','3','FALSE','FALSE','2','2','Tariff 1'
28,'5',4801,0.682662,'1','3','FALSE','FALSE','3','3','Tariff 2'
36,'2',4198,0.729954,'3','4','TRUE','FALSE','2','3','Tariff 1'
20,'3',3091,0.908855,'4','4','TRUE','FALSE','4','2','Tariff 1'
46,'2',5471,0.113776,'5','3','FALSE','FALSE','4','3','Tariff 1'
58,'2',5117,0.487432,'5','1','TRUE','FALSE','1','1','Tariff 2'
44,'3',5285,0.580924,'4','1','FALSE','FALSE','3','3','Tariff 1'
68,'2',3134,0.52986,'4','1','FALSE','TRUE','1','1','Tariff 1'
70,'1',4894,0.411394,'1','2','TRUE','FALSE','4','3','Tariff 1'
33,'6',2410,0.904287,'3','3','TRUE','FALSE','3','2','Tariff 1'
74,'3',2387,0.227858,'1','2','TRUE','TRUE','2','1','Tariff 3'
49,'2',2243,0.742172,'3','1','FALSE','TRUE','1','1','Tariff 1'
77,'5',3124,0.074277,'2','3','FALSE','TRUE','4','1','Tariff 2'
64,'5',4987,0.132008,'3','3','TRUE','TRUE','4','2','Tariff 2'
48,'4',4060,0.379329,'3','2','FALSE','FALSE','2','2','Tariff 2'
27,'3',4454,0.637614,'1','4','FALSE','TRUE','1','2','Tariff 1'
69,'5',2802,0.510586,'5','4','FALSE','FALSE','4','3','Tariff 2'
27,'5',4492,0.949726,'2','4','TRUE','TRUE','4','2','Tariff 3'
30,'4',3059,0.441553,'3','3','TRUE','TRUE','2','3','Tariff 1'
67,'1',5412,0.115664,'1','1','FALSE','TRUE','4','2','Tariff 1'
59,'2',2767,0.987367,'3','2','TRUE','FALSE','3','1','Tariff 1'
68,'5',3066,0.256909,'3','3','TRUE','FALSE','1','1','Tariff 2'
61,'1',4666,0.379023,'4','4','TRUE','FALSE','3','3','Tariff 1'
73,'5',3459,0.452199,'4','4','FALSE','TRUE','2','2','Tariff 3'
76,'2',4409,0.137424,'5','2','FALSE','TRUE','4','2','Tariff 1'
26,'5',4327,0.867153,'5','4','FALSE','FALSE','2','2','Tariff 2'
53,'4',4539,0.258781,'2','2','FALSE','TRUE','1','3','Tariff 2'
38,'5',4179,0.192959,'1','3','FALSE','TRUE','1','1','Tariff 3'
34,'2',4504,0.34781,'2','2','TRUE','FALSE','3','1','Tariff 1'
60,'6',5042,0.817954,'4','3','FALSE','FALSE','4','2','Tariff 2'
31,'3',2538,0.234892,'1','4','FALSE','TRUE','2','1','Tariff 1'
31,'4',2560,0.808209,'4','4','TRUE','TRUE','1','2','Tariff 3'
39,'3',2679,0.72253,'4','4','TRUE','FALSE','2','1','Tariff 1'
45,'3',4326,0.98696,'2','1','TRUE','FALSE','3','2','Tariff 1'
56,'2',4458,0.843927,'2','1','FALSE','FALSE','2','3','Tariff 1'
52,'6',4159,0.057801,'1','2','TRUE','TRUE','4','1','Tariff 1'
25,'2',4929,0.535696,'5','2','TRUE','TRUE','3','3','Tariff 1'
73,'1',2411,0.552261,'2','2','TRUE','FALSE','4','1','Tariff 2'
72,'6',2241,0.065296,'1','2','FALSE','TRUE','3','2','Tariff 1'
50,'3',3667,0.247254,'4','2','TRUE','FALSE','4','1','Tariff 2'
45,'3',4598,0.283732,'4','4','FALSE','TRUE','3','1','Tariff 1'
22,'1',3180,0.800121,'2','4','TRUE','TRUE','3','3','Tariff 1'
75,'6',3654,0.652011,'1','3','TRUE','FALSE','2','1','Tariff 2'
30,'3',4962,0.505699,'2','4','TRUE','TRUE','1','1','Tariff 1'
47,'1',5072,0.606387,'3','3','TRUE','TRUE','3','1','Tariff 1'
52,'2',2784,0.968091,'1','4','FALSE','TRUE','4','2','Tariff 1'
76,'6',2402,0.757962,'2','4','FALSE','TRUE','3','2','Tariff 3'
44,'2',3858,0.885443,'2','2','FALSE','TRUE','2','1','Tariff 1'
54,'5',5324,0.476172,'3','3','FALSE','FALSE','4','1','Tariff 2'
20,'3',5088,0.214793,'5','1','FALSE','TRUE','1','1','Tariff 1'
42,'5',2773,0.877072,'4','3','TRUE','FALSE','3','1','Tariff 2'
77,'5',3820,0.470644,'4','4','FALSE','FALSE','2','1','Tariff 2'
28,'1',2995,0.154494,'4','3','TRUE','TRUE','3','2','Tariff 1'
76,'6',3569,0.429725,'5','4','FALSE','TRUE','1','3','Tariff 3'
29,'2',4742,0.567681,'3','3','TRUE','TRUE','1','1','Tariff 1'
40,'1',4666,0.788986,'1','4','FALSE','FALSE','4','3','Tariff 1'
44,'1',3554,0.480119,'3','3','FALSE','TRUE','2','3','Tariff 1'
39,'4',3092,0.437241,'3','3','TRUE','FALSE','1','1','Tariff 1'
33,'3',4486,0.362271,'5','4','FALSE','TRUE','1','3','Tariff 1'
47,'6',3857,0.645492,'2','2','TRUE','FALSE','3','3','Tariff 1'
67,'2',4723,0.091745,'1','3','FALSE','FALSE','1','3','Tariff 1'
22,'1',4390,0.208466,'2','3','TRUE','TRUE','2','2','Tariff 1'
26,'5',3065,0.658166,'2','1','TRUE','TRUE','2','1','Tariff 2'
30,'5',4938,0.041507,'3','3','FALSE','FALSE','2','3','Tariff 2'
68,'4',5130,0.191344,'4','4','TRUE','TRUE','2','1','Tariff 2'
77,'6',4371,0.973186,'1','3','TRUE','TRUE','1','2','Tariff 3'
69,'3',2230,0.249079,'5','2','TRUE','FALSE','3','2','Tariff 1'
65,'1',2260,0.104611,'4','3','TRUE','TRUE','4','2','Tariff 1'
19,'2',2562,0.428565,'5','4','TRUE','TRUE','2','3','Tariff 3'
26,'2',3290,0.620858,'3','4','FALSE','TRUE','4','2','Tariff 1'
33,'4',4128,0.4904,'4','1','FALSE','TRUE','2','3','Tariff 1'
72,'6',3795,0.936665,'4','4','TRUE','TRUE','4','1','Tariff 1'
38,'1',5423,0.428875,'5','4','FALSE','FALSE','3','2','Tariff 1'
29,'2',5190,0.495675,'1','3','TRUE','FALSE','2','1','Tariff 2'
20,'3',2867,0.892877,'3','1','TRUE','TRUE','2','2','Tariff 1'
50,'3',3406,0.987367,'2','1','FALSE','FALSE','2','3','Tariff 1'
27,'6',5379,0.399233,'2','4','FALSE','FALSE','2','2','Tariff 1'
50,'1',4756,0.625221,'5','3','FALSE','TRUE','2','3','Tariff 1'
48,'2',5027,0.209829,'1','4','TRUE','TRUE','3','1','Tariff 2'
35,'1',4995,0.979667,'3','3','FALSE','FALSE','2','3','Tariff 1'
26,'6',4283,0.125005,'1','2','TRUE','FALSE','3','3','Tariff 2'
60,'5',4704,0.57555,'3','4','TRUE','TRUE','2','1','Tariff 2'
24,'4',3404,0.822326,'4','4','TRUE','TRUE','4','2','Tariff 2'
42,'2',4253,0.551066,'2','4','TRUE','FALSE','3','1','Tariff 1'
43,'2',2589,0.520435,'5','1','TRUE','FALSE','3','2','Tariff 2'
34,'2',2675,0.497592,'1','1','FALSE','FALSE','3','1','Tariff 1'
75,'1',3680,0.434734,'3','1','TRUE','FALSE','4','2','Tariff 2'
38,'5',4902,0.631281,'5','3','FALSE','FALSE','4','2','Tariff 2'
36,'1',3017,0.712371,'3','2','TRUE','FALSE','1','2','Tariff 3'
62,'6',3086,0.520635,'5','4','TRUE','FALSE','2','2','Tariff 3'
51,'2',3657,0.76983,'2','4','FALSE','FALSE','4','2','Tariff 1'
34,'1',5285,0.151938,'2','2','FALSE','FALSE','1','3','Tariff 1'
65,'2',3885,0.423093,'3','4','FALSE','FALSE','4','2','Tariff 1'
20,'5',4024,0.458165,'4','3','TRUE','TRUE','2','2','Tariff 2'
60,'1',4799,0.098137,'1','1','FALSE','TRUE','3','1','Tariff 1'
72,'5',2956,0.977932,'4','4','FALSE','FALSE','3','2','Tariff 2'
60,'3',2702,0.172967,'4','3','TRUE','TRUE','2','3','Tariff 1'
58,'4',2553,0.819705,'3','4','FALSE','FALSE','4','3','Tariff 2'
75,'1',2927,0.050464,'4','2','FALSE','TRUE','3','1','Tariff 1'
55,'6',2528,0.962741,'5','2','FALSE','TRUE','3','2','Tariff 3'
43,'2',5259,0.547269,'4','2','FALSE','FALSE','2','2','Tariff 1'
28,'5',2225,0.369326,'5','2','FALSE','FALSE','2','1','Tariff 2'
38,'5',4329,0.24557,'3','3','FALSE','TRUE','2','1','Tariff 3'
50,'1',5392,0.761477,'2','4','TRUE','TRUE','1','1','Tariff 1'
62,'4',4222,0.463923,'3','3','TRUE','FALSE','3','2','Tariff 1'
41,'4',4399,0.937359,'2','2','FALSE','TRUE','2','3','Tariff 1'
35,'4',5084,0.816683,'2','4','FALSE','FALSE','1','1','Tariff 2'
65,'2',2416,0.485607,'2','3','FALSE','TRUE','4','2','Tariff 1'
74,'3',5292,0.040027,'2','2','FALSE','FALSE','3','3','Tariff 1'
20,'4',3730,0.876377,'3','4','FALSE','TRUE','3','1','Tariff 1'
25,'1',5075,0.941074,'1','4','TRUE','TRUE','4','2','Tariff 1'
21,'6',3595,0.452259,'2','4','FALSE','TRUE','4','3','Tariff 1'
45,'5',4667,0.284901,'4','1','TRUE','FALSE','3','1','Tariff 1'
76,'5',2530,0.455867,'2','4','FALSE','FALSE','1','2','Tariff 2'
38,'4',4757,0.966177,'4','3','FALSE','TRUE','3','1','Tariff 3'
52,'3',3542,0.168698,'5','4','TRUE','FALSE','1','1','Tariff 1'
32,'2',2712,0.446074,'1','3','TRUE','FALSE','2','3','Tariff 1'
64,'2',5263,0.612042,'3','4','FALSE','TRUE','1','3','Tariff 1'
61,'1',5419,0.683736,'3','2','TRUE','TRUE','2','1','Tariff 1'
36,'2',4588,0.299019,'3','4','TRUE','FALSE','3','3','Tariff 1'
44,'4',5298,0.401944,'1','4','TRUE','TRUE','2','1','Tariff 2'
40,'3',4399,0.810108,'2','1','FALSE','FALSE','1','1','Tariff 1'
44,'2',3679,0.730201,'4','1','FALSE','TRUE','3','3','Tariff 1'
78,'1',5132,0.685283,'3','1','TRUE','TRUE','4','3','Tariff 1'
33,'2',2332,0.031035,'5','2','TRUE','TRUE','2','3','Tariff 3'
66,'1',3951,0.335843,'3','4','FALSE','FALSE','2','1','Tariff 1'
52,'1',2385,0.987151,'1','3','FALSE','TRUE','4','3','Tariff 1'
25,'3',4733,0.539283,'4','1','TRUE','TRUE','1','1','Tariff 1'
61,'5',4358,0.99263,'5','1','FALSE','TRUE','4','1','Tariff 2'
23,'3',2624,0.111666,'2','1','FALSE','TRUE','4','1','Tariff 1'
74,'5',5230,0.21973,'4','2','FALSE','FALSE','1','1','Tariff 2'
61,'6',4346,0.683819,'1','2','TRUE','FALSE','1','1','Tariff 1'
75,'5',4689,0.827192,'5','3','FALSE','FALSE','1','3','Tariff 2'
73,'2',5099,0.129458,'4','2','TRUE','FALSE','4','3','Tariff 1'
65,'6',5119,0.024114,'5','3','TRUE','FALSE','2','1','Tariff 1'
49,'3',2193,0.203792,'3','1','TRUE','TRUE','2','1','Tariff 1'
32,'5',4687,0.727372,'3','3','FALSE','FALSE','3','2','Tariff 2'
21,'4',5399,0.808206,'5','3','TRUE','FALSE','1','2','Tariff 2'
75,'6',5029,0.456789,'3','1','TRUE','FALSE','4','2','Tariff 1'
38,'4',4472,0.06764,'2','3','TRUE','FALSE','3','3','Tariff 2'
68,'3',4846,0.741549,'1','2','TRUE','FALSE','2','1','Tariff 1'
58,'1',3078,0.019123,'2','3','TRUE','TRUE','2','3','Tariff 1'
54,'4',3153,0.48891,'1','4','TRUE','FALSE','2','2','Tariff 3'
59,'2',3280,0.198585,'5','3','TRUE','FALSE','2','3','Tariff 2'
55,'6',4529,0.551699,'5','1','TRUE','FALSE','4','2','Tariff 1'
36,'6',4634,0.174196,'4','1','TRUE','FALSE','3','2','Tariff 2'
27,'3',2816,0.668287,'2','3','TRUE','TRUE','1','1','Tariff 1'
68,'5',4317,0.112832,'1','2','TRUE','FALSE','2','2','Tariff 1'
35,'1',3632,0.316055,'4','3','FALSE','TRUE','2','1','Tariff 1'
23,'1',3573,0.646211,'4','2','TRUE','TRUE','3','1','Tariff 1'
72,'2',5425,0.079536,'2','3','TRUE','TRUE','3','2','Tariff 1'
78,'2',4934,0.598331,'1','1','FALSE','FALSE','1','3','Tariff 1'
28,'4',3124,0.384382,'1','1','TRUE','TRUE','3','3','Tariff 2'
60,'6',4693,0.879099,'3','1','TRUE','FALSE','2','3','Tariff 1'
42,'2',2557,0.869711,'3','1','FALSE','FALSE','3','1','Tariff 1'
38,'6',2372,0.982907,'4','2','TRUE','TRUE','3','3','Tariff 3'
67,'4',2547,0.979832,'3','1','TRUE','FALSE','3','3','Tariff 1'
23,'4',5149,0.857046,'3','4','FALSE','FALSE','2','1','Tariff 2'
40,'4',4081,0.252205,'3','2','FALSE','TRUE','1','3','Tariff 3'
32,'6',5344,0.334484,'1','2','TRUE','TRUE','4','2','Tariff 3'
64,'3',4229,0.196226,'5','3','FALSE','TRUE','1','2','Tariff 1'
28,'1',2199,0.129095,'2','1','TRUE','FALSE','1','2','Tariff 1'
37,'6',4653,0.016022,'4','1','FALSE','TRUE','3','1','Tariff 1'
31,'4',4119,0.448857,'2','2','FALSE','TRUE','1','2','Tariff 3'
44,'1',3693,0.883244,'3','1','TRUE','FALSE','4','1','Tariff 1'
77,'5',3481,0.33307,'4','2','FALSE','FALSE','3','2','Tariff 2'
75,'1',3668,0.150462,'4','3','FALSE','TRUE','1','3','Tariff 1'
44,'1',3600,0.711883,'5','3','FALSE','FALSE','2','3','Tariff 1'
77,'6',4850,0.184383,'4','1','TRUE','TRUE','3','3','Tariff 3'
41,'5',5249,0.128456,'1','4','TRUE','FALSE','3','3','Tariff 1'
31,'3',4827,0.247086,'5','3','FALSE','FALSE','4','2','Tariff 1'
34,'1',5273,0.873183,'1','2','TRUE','TRUE','3','1','Tariff 1'
67,'3',4022,0.653671,'5','2','FALSE','TRUE','3','1','Tariff 1'
38,'5',3529,0.632443,'3','4','TRUE','FALSE','3','2','Tariff 1'
47,'6',4230,0.861276,'1','3','TRUE','TRUE','1','3','Tariff 1'
75,'4',2634,0.437365,'3','3','FALSE','TRUE','1','3','Tariff 1'
38,'5',3224,0.007036,'5','1','FALSE','FALSE','2','3','Tariff 2'
19,'3',3886,0.856656,'2','3','TRUE','FALSE','2','1','Tariff 1'
27,'4',5219,0.005006,'2','3','TRUE','FALSE','4','1','Tariff 1'
42,'6',3401,0.766499,'1','2','TRUE','FALSE','1','1','Tariff 1'
32,'2',3613,0.662808,'2','3','TRUE','FALSE','2','2','Tariff 2'
20,'6',2814,0.26418,'5','3','FALSE','FALSE','1','1','Tariff 2'
54,'6',5030,0.400434,'2','2','FALSE','FALSE','2','1','Tariff 1'
71,'4',4238,0.094001,'1','3','TRUE','TRUE','2','3','Tariff 3'
64,'2',5125,0.293284,'3','2','FALSE','FALSE','1','3','Tariff 1'
24,'3',4799,0.407296,'3','1','FALSE','FALSE','4','3','Tariff 1'
72,'3',4603,0.050668,'3','4','TRUE','FALSE','2','3','Tariff 1'
57,'5',2492,0.475293,'2','4','TRUE','FALSE','1','2','Tariff 1'
57,'4',2500,0.645347,'4','1','TRUE','FALSE','1','1','Tariff 1'
76,'2',5002,0.665907,'1','3','TRUE','TRUE','1','2','Tariff 1'
60,'5',4425,0.079591,'5','3','FALSE','TRUE','1','1','Tariff 3'
39,'6',2208,0.24454,'5','2','FALSE','TRUE','3','2','Tariff 1'
35,'6',5048,0.893078,'5','3','TRUE','FALSE','3','2','Tariff 2'
34,'6',4305,0.384973,'1','3','FALSE','FALSE','2','3','Tariff 2'
68,'5',4496,0.656875,'4','2','FALSE','FALSE','4','3','Tariff 2'
22,'6',5429,0.809459,'5','1','TRUE','TRUE','1','3','Tariff 1'
69,'5',4101,0.758882,'2','1','TRUE','FALSE','1','1','Tariff 1'
41,'3',2298,0.206341,'2','4','FALSE','FALSE','3','1','Tariff 1'
59,'3',5154,0.157317,'5','4','TRUE','TRUE','2','2','Tariff 1'
59,'2',3477,0.597663,'2','1','FALSE','TRUE','4','2','Tariff 1'
34,'1',5112,0.582058,'5','3','TRUE','TRUE','3','2','Tariff 3'
43,'6',4403,0.106145,'2','1','TRUE','TRUE','3','1','Tariff 1'
45,'2',2990,0.505399,'5','1','FALSE','FALSE','1','2','Tariff 1'
24,'5',3283,0.668164,'3','2','TRUE','FALSE','1','1','Tariff 1'
58,'2',4716,0.424881,'3','1','FALSE','TRUE','3','3','Tariff 1'
19,'1',3932,0.583581,'3','4','FALSE','FALSE','3','2','Tariff 1'
49,'6',2210,0.92648,'5','2','FALSE','TRUE','1','1','Tariff 1'
32,'4',2793,0.920632,'3','1','FALSE','TRUE','4','2','Tariff 1'
21,'1',3892,0.18612,'2','4','FALSE','TRUE','3','3','Tariff 1'
54,'1',3421,0.600117,'5','4','TRUE','FALSE','2','1','Tariff 2'
73,'3',4841,0.065281,'5','2','TRUE','TRUE','2','1','Tariff 1'
56,'3',4027,0.972681,'1','1','FALSE','FALSE','4','2','Tariff 1'
46,'6',5206,0.540572,'2','2','FALSE','FALSE','4','2','Tariff 1'
41,'4',4893,0.24031,'1','1','FALSE','FALSE','4','2','Tariff 1'
78,'6',3603,0.640321,'5','2','FALSE','FALSE','3','2','Tariff 2'
26,'5',4863,0.631932,'1','4','TRUE','FALSE','4','2','Tariff 3'
63,'3',3221,0.340574,'5','1','FALSE','FALSE','1','3','Tariff 1'
42,'6',5268,0.656227,'4','1','FALSE','TRUE','1','1','Tariff 3'
60,'1',4905,0.479757,'4','3','TRUE','FALSE','3','2','Tariff 1'
57,'3',2810,0.464742,'4','2','FALSE','TRUE','3','3','Tariff 1'
35,'1',2963,0.901572,'2','1','TRUE','FALSE','3','2','Tariff 1'
73,'5',3400,0.666987,'5','4','FALSE','FALSE','4','2','Tariff 2'
52,'6',3708,0.929545,'5','3','TRUE','TRUE','3','1','Tariff 1'
62,'4',4744,0.257501,'2','3','TRUE','FALSE','1','3','Tariff 1'
24,'4',2977,0.348723,'2','3','TRUE','FALSE','3','3','Tariff 2'
24,'2',3466,0.413333,'2','4','FALSE','FALSE','1','2','Tariff 1'
26,'3',4632,0.23912,'4','4','FALSE','TRUE','4','3','Tariff 1'
59,'4',3740,0.179035,'4','4','FALSE','FALSE','1','2','Tariff 2'
55,'1',5209,0.925131,'4','2','TRUE','FALSE','2','1','Tariff 1'
76,'2',2320,0.714146,'1','3','TRUE','TRUE','1','2','Tariff 1'
55,'3',3847,0.612799,'3','3','FALSE','FALSE','3','2','Tariff 1'
47,'2',2318,0.184139,'3','3','FALSE','TRUE','2','2','Tariff 1'
40,'4',3955,0.854714,'4','2','TRUE','FALSE','3','3','Tariff 1'
33,'1',5321,0.237686,'4','3','FALSE','TRUE','4','1','Tariff 1'
40,'5',3930,0.166876,'5','2','TRUE','FALSE','2','1','Tariff 2'
39,'6',3527,0.648431,'1','2','TRUE','TRUE','2','2','Tariff 1'
72,'5',3679,0.013805,'1','4','FALSE','TRUE','1','2','Tariff 3'
56,'6',2842,0.284874,'5','1','TRUE','FALSE','2','3','Tariff 2'
40,'1',4740,0.052851,'4','1','TRUE','TRUE','1','1','Tariff 3'
53,'3',2718,0.393692,'3','2','FALSE','TRUE','4','3','Tariff 1'
66,'2',3625,0.295504,'2','3','FALSE','TRUE','3','1','Tariff 1'
46,'2',4769,0.885289,'5','3','TRUE','FALSE','4','2','Tariff 1'
55,'5',3485,0.496547,'4','3','FALSE','TRUE','4','3','Tariff 1'
45,'6',2589,0.150521,'5','3','FALSE','TRUE','2','3','Tariff 1'
20,'1',2638,0.149415,'3','3','TRUE','FALSE','1','1','Tariff 2'
37,'1',2811,0.028575,'4','2','TRUE','TRUE','4','1','Tariff 3'
72,'6',4680,0.460834,'4','2','TRUE','TRUE','2','1','Tariff 2'
40,'3',4612,0.111602,'2','1','FALSE','FALSE','3','3','Tariff 1'
28,'1',3230,0.346778,'1','2','TRUE','TRUE','2','1','Tariff 3'
59,'4',3755,0.194838,'3','2','TRUE','TRUE','4','1','Tariff 2'
63,'4',4184,0.066445,'2','3','FALSE','TRUE','1','1','Tariff 3'
71,'1',4892,0.554075,'3','4','FALSE','TRUE','4','3','Tariff 1'
29,'1',2499,0.557148,'1','4','FALSE','TRUE','4','3','Tariff 1'
30,'1',3095,0.907108,'3','2','TRUE','FALSE','2','3','Tariff 1'
58,'3',5278,0.800898,'3','4','TRUE','FALSE','3','3','Tariff 2'
38,'2',5409,0.553421,'3','3','TRUE','TRUE','2','2','Tariff 1'
78,'6',2820,0.827674,'2','4','TRUE','FALSE','2','1','Tariff 1'
60,'6',5461,0.807334,'5','3','TRUE','TRUE','3','1','Tariff 1'
49,'4',4242,0.909773,'5','4','FALSE','FALSE','2','2','Tariff 2'
39,'5',4768,0.574012,'3','2','TRUE','TRUE','1','1','Tariff 2'
19,'3',3085,0.529613,'4','1','TRUE','TRUE','4','2','Tariff 1'
55,'6',3190,0.754394,'1','3','FALSE','TRUE','2','1','Tariff 1'
76,'2',4434,0.197599,'4','4','FALSE','TRUE','2','3','Tariff 1'
78,'3',3959,0.202877,'4','1','TRUE','TRUE','1','2','Tariff 1'
34,'3',4326,0.779155,'2','3','FALSE','TRUE','1','2','Tariff 1'
27,'5',5330,0.658458,'5','1','FALSE','TRUE','2','1','Tariff 3'
50,'2',5310,0.767397,'1','1','FALSE','FALSE','3','2','Tariff 1'
75,'1',2494,0.493461,'5','3','TRUE','TRUE','1','3','Tariff 1'
37,'1',2703,0.750729,'2','2','TRUE','TRUE','4','2','Tariff 3'
52,'6',4220,0.200588,'3','2','TRUE','FALSE','4','1','Tariff 1'
60,'5',3008,0.998382,'1','2','TRUE','FALSE','4','3','Tariff 1'
23,'2',5150,0.305089,'1','4','TRUE','TRUE','1','1','Tariff 1'
38,'4',4169,0.68086,'1','1','TRUE','TRUE','3','1','Tariff 2'
55,'3',3392,0.239806,'5','3','TRUE','TRUE','2','3','Tariff 1'
67,'6',3533,0.300631,'4','2','TRUE','TRUE','2','3','Tariff 3'
48,'6',2500,0.66153,'5','4','FALSE','TRUE','4','3','Tariff 1'
42,'4',2880,0.709266,'1','3','TRUE','TRUE','3','2','Tariff 2'
46,'1',5458,0.581902,'3','4','TRUE','FALSE','2','2','Tariff 1'
43,'1',3206,0.893503,'1','1','TRUE','FALSE','3','1','Tariff 2'
28,'1',5346,0.508531,'4','2','TRUE','FALSE','3','3','Tariff 1'
70,'1',3746,0.021295,'2','1','FALSE','FALSE','2','1','Tariff 1'
51,'1',3073,0.875088,'2','2','TRUE','TRUE','1','1','Tariff 3'
53,'4',4762,0.031372,'3','2','TRUE','FALSE','1','2','Tariff 3'
74,'5',4794,0.325356,'2','3','TRUE','FALSE','2','3','Tariff 2'
43,'3',3131,0.041891,'2','2','TRUE','FALSE','1','1','Tariff 2'
41,'3',4313,0.70719,'5','3','FALSE','TRUE','4','3','Tariff 1'
52,'6',3808,0.745722,'5','3','TRUE','TRUE','2','1','Tariff 2'
29,'6',4136,0.839324,'2','3','TRUE','FALSE','3','2','Tariff 2'
68,'4',4502,0.686203,'3','4','TRUE','FALSE','4','3','Tariff 1'
22,'5',5199,0.507357,'2','4','TRUE','FALSE','2','3','Tariff 1'
59,'6',5387,0.286941,'4','1','TRUE','FALSE','4','2','Tariff 1'
19,'1',4257,0.605043,'3','4','FALSE','FALSE','3','1','Tariff 1'
41,'6',3832,0.895565,'1','1','TRUE','TRUE','3','2','Tariff 1'
37,'1',3986,0.602363,'2','1','TRUE','FALSE','4','1','Tariff 2'
38,'6',4738,0.032121,'2','1','FALSE','TRUE','1','3','Tariff 3'
45,'2',3257,0.441462,'2','3','TRUE','FALSE','1','1','Tariff 2'
44,'1',4423,0.879945,'1','3','FALSE','FALSE','4','3','Tariff 1'
21,'2',3449,0.743392,'3','1','FALSE','FALSE','3','2','Tariff 1'
74,'5',2631,0.676964,'2','2','FALSE','FALSE','4','1','Tariff 2'
72,'5',3431,0.670076,'1','3','FALSE','FALSE','1','2','Tariff 2'
41,'6',3204,0.649129,'2','3','FALSE','FALSE','2','3','Tariff 2'
34,'6',4234,0.603753,'2','4','TRUE','FALSE','3','3','Tariff 2'
28,'5',4763,0.050385,'4','4','TRUE','FALSE','2','2','Tariff 3'
22,'5',3667,0.766562,'2','1','TRUE','FALSE','1','3','Tariff 1'
38,'6',3732,0.54475,'4','2','TRUE','TRUE','3','1','Tariff 3'
50,'6',4745,0.151315,'2','4','TRUE','TRUE','1','1','Tariff 2'
62,'5',3711,0.879643,'1','4','FALSE','TRUE','1','1','Tariff 1'
36,'4',2583,0.425804,'5','1','TRUE','FALSE','4','1','Tariff 1'
34,'6',4835,0.583928,'1','2','FALSE','TRUE','3','1','Tariff 3'
63,'6',4086,0.421503,'2','3','FALSE','FALSE','4','1','Tariff 1'
77,'1',3164,0.291896,'5','2','FALSE','TRUE','3','1','Tariff 1'
75,'5',2717,0.146734,'5','4','FALSE','TRUE','2','1','Tariff 3'
51,'5',5400,0.492674,'3','1','TRUE','TRUE','2','3','Tariff 1'
65,'2',3643,0.057528,'2','2','FALSE','FALSE','1','2','Tariff 1'
52,'5',4064,0.764753,'2','3','FALSE','TRUE','4','2','Tariff 1'
30,'1',3844,0.268591,'4','4','TRUE','TRUE','2','3','Tariff 1'
21,'1',3696,0.343313,'3','4','TRUE','TRUE','3','2','Tariff 3'
60,'6',3463,0.044084,'3','1','TRUE','FALSE','4','3','Tariff 1'
74,'1',3949,0.633978,'4','4','FALSE','TRUE','4','3','Tariff 1'
74,'3',4012,0.934156,'1','4','TRUE','FALSE','4','1','Tariff 1'
74,'2',3492,0.715109,'4','2','TRUE','TRUE','3','1','Tariff 3'
40,'4',4835,0.339082,'4','2','TRUE','FALSE','2','2','Tariff 3'
65,'3',4247,0.130718,'3','4','TRUE','TRUE','1','3','Tariff 1'
64,'1',4703,0.718218,'2','1','FALSE','TRUE','1','1','Tariff 1'
74,'4',4828,0.270864,'1','2','TRUE','TRUE','3','1','Tariff 2'
56,'5',4601,0.605034,'5','2','FALSE','FALSE','2','1','Tariff 2'
45,'4',2265,0.253635,'3','1','TRUE','TRUE','2','1','Tariff 2'
62,'2',4152,0.640958,'4','1','FALSE','TRUE','2','2','Tariff 1'
75,'3',2439,0.584682,'4','1','FALSE','TRUE','1','3','Tariff 1'
58,'3',4748,0.957557,'3','3','FALSE','TRUE','4','2','Tariff 1'
73,'1',4502,0.583107,'2','2','FALSE','TRUE','1','2','Tariff 1'
32,'5',2894,0.986149,'1','2','FALSE','FALSE','3','3','Tariff 2'
21,'3',4905,0.967186,'3','3','FALSE','TRUE','2','1','Tariff 1'
40,'2',5165,0.583003,'3','1','TRUE','TRUE','4','1','Tariff 3'
58,'4',2467,0.415135,'4','2','FALSE','TRUE','1','2','Tariff 3'
20,'4',3424,0.763009,'3','3','FALSE','TRUE','1','3','Tariff 1'
42,'3',2754,0.914402,'3','3','FALSE','TRUE','1','3','Tariff 1'
21,'6',5024,0.230555,'2','1','TRUE','FALSE','1','3','Tariff 2'
77,'2',2243,0.331885,'1','1','TRUE','TRUE','2','1','Tariff 1'
66,'2',2723,0.788233,'5','3','TRUE','TRUE','2','2','Tariff 1'
25,'1',2333,0.65511,'5','1','TRUE','FALSE','4','3','Tariff 2'
28,'2',5315,0.956213,'2','2','TRUE','FALSE','3','3','Tariff 2'
75,'4',3171,0.533773,'1','4','TRUE','FALSE','4','1','Tariff 2'
28,'2',3000,0.22119,'3','2','FALSE','TRUE','3','2','Tariff 1'
61,'6',4517,0.088883,'4','1','TRUE','FALSE','2','2','Tariff 1'
43,'3',3340,0.086889,'3','4','FALSE','TRUE','4','1','Tariff 1'
68,'1',5371,0.934778,'1','2','TRUE','FALSE','2','2','Tariff 1'
34,'2',3808,0.960447,'4','3','FALSE','FALSE','3','1','Tariff 1'
69,'2',3862,0.193148,'2','2','FALSE','FALSE','3','1','Tariff 1'
37,'1',2528,0.182413,'4','1','FALSE','TRUE','1','1','Tariff 1'
24,'2',3675,0.168168,'3','4','TRUE','FALSE','3','1','Tariff 2'
26,'5',4504,0.603753,'1','3','TRUE','FALSE','4','3','Tariff 1'
47,'5',5208,0.732491,'2','3','TRUE','TRUE','2','3','Tariff 1'
22,'3',3139,0.801582,'3','2','TRUE','FALSE','4','2','Tariff 3'
71,'4',2902,0.264083,'3','4','FALSE','FALSE','1','2','Tariff 2'
28,'6',3347,0.686277,'1','2','TRUE','FALSE','4','2','Tariff 3'
70,'1',3060,0.827054,'2','4','TRUE','FALSE','4','3','Tariff 2'
54,'5',4662,0.12543,'4','4','TRUE','TRUE','1','1','Tariff 2'
33,'1',4849,0.843426,'4','4','TRUE','TRUE','3','3','Tariff 2'
22,'2',2420,0.643371,'4','3','FALSE','TRUE','2','3','Tariff 1'
43,'6',5413,0.629273,'1','2','TRUE','TRUE','1','1','Tariff 1'
56,'4',2535,0.956746,'1','3','TRUE','TRUE','2','1','Tariff 2'
55,'5',2733,0.224273,'2','1','TRUE','FALSE','2','3','Tariff 1'
34,'4',4395,0.394319,'5','3','TRUE','TRUE','1','3','Tariff 1'
72,'2',5352,0.019316,'3','2','FALSE','TRUE','4','3','Tariff 1'
67,'2',3861,0.299408,'1','4','FALSE','FALSE','2','3','Tariff 1'
24,'5',4677,0.85752,'1','2','FALSE','TRUE','2','1','Tariff 2'
24,'6',3281,0.612445,'4','2','FALSE','TRUE','3','1','Tariff 1'
76,'6',3931,0.859484,'1','2','FALSE','TRUE','4','1','Tariff 1'
28,'5',2303,0.624451,'2','1','TRUE','FALSE','4','2','Tariff 2'
77,'6',4107,0.997738,'4','1','FALSE','TRUE','4','3','Tariff 1'
55,'2',3752,0.634709,'2','4','TRUE','TRUE','1','2','Tariff 3'
73,'6',4378,0.946443,'2','4','TRUE','TRUE','1','2','Tariff 3'
24,'3',2538,0.051828,'5','3','FALSE','FALSE','4','3','Tariff 1'
63,'2',2612,0.473228,'1','1','TRUE','TRUE','3','1','Tariff 1'
77,'1',4611,0.570296,'1','4','TRUE','FALSE','3','3','Tariff 2'
39,'2',4022,0.367583,'4','2','TRUE','FALSE','1','3','Tariff 2'
67,'1',4723,0.017671,'4','1','TRUE','FALSE','1','3','Tariff 1'
64,'2',3106,0.846007,'1','2','FALSE','TRUE','2','3','Tariff 1'
71,'2',2884,0.492962,'1','3','TRUE','FALSE','3','3','Tariff 1'
78,'3',2417,0.503873,'3','3','FALSE','TRUE','4','2','Tariff 1'
27,'5',2852,0.556404,'5','1','FALSE','FALSE','2','2','Tariff 2'
73,'2',4718,0.147979,'3','1','FALSE','FALSE','3','3','Tariff 1'
38,'3',5354,0.645802,'2','1','FALSE','FALSE','1','2','Tariff 1'
27,'3',4088,0.426526,'1','2','FALSE','FALSE','3','1','Tariff 1'
44,'3',5404,0.105404,'2','3','TRUE','TRUE','2','2','Tariff 2'
22,'4',2217,0.743799,'3','2','FALSE','TRUE','4','3','Tariff 3'
75,'4',3974,0.349818,'4','2','FALSE','TRUE','2','2','Tariff 3'
46,'5',4283,0.908364,'2','2','FALSE','FALSE','3','2','Tariff 2'
53,'1',3274,0.736952,'1','3','TRUE','FALSE','3','1','Tariff 1'
71,'6',2699,0.703939,'4','1','TRUE','FALSE','3','1','Tariff 1'
67,'5',5379,0.789108,'1','3','FALSE','FALSE','3','1','Tariff 2'
63,'4',2766,0.713205,'3','2','TRUE','FALSE','2','1','Tariff 1'
30,'1',4066,0.938059,'5','4','TRUE','TRUE','1','2','Tariff 3'
27,'2',2389,0.373235,'5','4','TRUE','TRUE','2','2','Tariff 3'
60,'2',3309,0.045696,'4','3','FALSE','TRUE','4','2','Tariff 1'
49,'5',3524,0.23769,'4','1','TRUE','FALSE','2','2','Tariff 1'
61,'4',3994,0.493311,'1','3','TRUE','FALSE','1','1','Tariff 1'
30,'3',2550,0.59069,'5','4','TRUE','FALSE','3','1','Tariff 1'
75,'6',5041,0.675966,'5','4','TRUE','FALSE','3','2','Tariff 3'
21,'1',3206,0.959873,'4','3','FALSE','TRUE','1','1','Tariff 1'
55,'3',5204,0.679194,'5','1','TRUE','FALSE','3','2','Tariff 1'
58,'4',2840,0.255569,'4','4','TRUE','TRUE','1','2','Tariff 3'
41,'5',4885,0.75834,'3','3','TRUE','TRUE','1','1','Tariff 2'
68,'6',3654,0.497511,'3','2','TRUE','FALSE','1','3','Tariff 2'
47,'4',3995,0.850436,'2','2','TRUE','TRUE','1','1','Tariff 2'
61,'5',5306,0.642844,'5','2','TRUE','TRUE','2','3','Tariff 1'
26,'4',3443,0.698332,'1','1','FALSE','FALSE','1','1','Tariff 1'
59,'2',5452,0.396406,'4','4','TRUE','TRUE','3','3','Tariff 1'
19,'3',3384,0.589723,'3','4','TRUE','TRUE','4','3','Tariff 1'
70,'6',5090,0.047771,'2','4','FALSE','TRUE','1','1','Tariff 1'
49,'3',2376,0.152251,'1','2','TRUE','TRUE','4','1','Tariff 3'
74,'1',2928,0.055234,'2','4','TRUE','TRUE','1','3','Tariff 3'
22,'3',3031,0.901726,'5','1','FALSE','TRUE','1','1','Tariff 1'
54,'4',4130,0.984934,'4','3','TRUE','TRUE','3','3','Tariff 1'
69,'6',4730,0.224797,'4','1','FALSE','TRUE','2','3','Tariff 1'
64,'5',2919,0.448238,'4','2','FALSE','FALSE','1','2','Tariff 2'
56,'5',4601,0.460658,'2','1','FALSE','FALSE','3','1','Tariff 2'
77,'6',5408,0.281309,'2','2','TRUE','TRUE','4','3','Tariff 1'
35,'5',3256,0.608512,'2','2','FALSE','FALSE','4','2','Tariff 2'
63,'4',3439,0.530734,'2','2','FALSE','FALSE','1','3','Tariff 2'
57,'5',2859,0.667711,'3','4','TRUE','TRUE','2','2','Tariff 2'
62,'6',3688,0.985928,'3','2','TRUE','TRUE','3','3','Tariff 3'
38,'6',3142,0.564437,'1','2','FALSE','TRUE','4','1','Tariff 1'
21,'1',3077,0.404819,'5','3','FALSE','TRUE','2','3','Tariff 1'
37,'6',4521,0.240493,'1','2','TRUE','TRUE','4','2','Tariff 2'
23,'5',3384,0.070482,'4','2','TRUE','FALSE','3','3','Tariff 2'
29,'1',5453,0.593581,'2','4','FALSE','FALSE','4','2','Tariff 1'
20,'5',4272,0.483758,'1','3','TRUE','TRUE','2','2','Tariff 2'
48,'1',2869,0.241165,'3','3','FALSE','FALSE','3','3','Tariff 1'
36,'5',2871,0.415703,'1','3','FALSE','TRUE','3','1','Tariff 1'
55,'1',3800,0.317705,'2','1','TRUE','FALSE','2','3','Tariff 1'
51,'4',4568,0.023432,'5','4','FALSE','FALSE','1','1','Tariff 2'
73,'6',2967,0.853332,'1','4','FALSE','FALSE','4','2','Tariff 1'
48,'1',2579,0.567626,'4','1','FALSE','FALSE','4','2','Tariff 1'
32,'6',5256,0.475659,'2','4','TRUE','FALSE','3','2','Tariff 1'
59,'5',4986,0.487868,'2','1','TRUE','TRUE','2','2','Tariff 2'
72,'6',2534,0.839756,'4','1','FALSE','TRUE','4','2','Tariff 1'
49,'4',4281,0.205836,'1','2','FALSE','FALSE','3','2','Tariff 2'
23,'4',2307,0.047924,'4','2','FALSE','TRUE','4','1','Tariff 3'
23,'6',5080,0.283222,'3','4','TRUE','TRUE','2','1','Tariff 2'
62,'2',3393,0.453836,'2','3','TRUE','TRUE','3','2','Tariff 1'
51,'1',3041,0.192568,'3','2','TRUE','TRUE','2','3','Tariff 3'
38,'6',4325,0.347222,'2','1','FALSE','FALSE','4','1','Tariff 2'
21,'4',3809,0.430767,'5','1','FALSE','TRUE','4','3','Tariff 1'
52,'6',4200,0.637323,'4','2','FALSE','TRUE','4','1','Tariff 3'
76,'3',3073,0.467041,'1','3','TRUE','TRUE','1','1','Tariff 1'
21,'5',4764,0.457003,'3','4','TRUE','TRUE','1','2','Tariff 2'
39,'1',3412,0.754274,'2','2','TRUE','TRUE','4','2','Tariff 3'
43,'4',2781,0.615097,'5','4','TRUE','TRUE','4','3','Tariff 2'
28,'6',2716,0.91364,'4','2','FALSE','FALSE','1','1','Tariff 2'
48,'5',4197,0.662309,'3','4','FALSE','TRUE','2','3','Tariff 2'
30,'3',5309,0.130841,'4','2','TRUE','FALSE','1','2','Tariff 1'
39,'5',3978,0.494869,'4','3','FALSE','TRUE','1','3','Tariff 1'
32,'4',3756,0.665608,'5','2','FALSE','TRUE','3','3','Tariff 3'
66,'2',3105,0.498953,'1','2','TRUE','FALSE','1','2','Tariff 3'
41,'6',2690,0.296587,'1','2','FALSE','TRUE','3','2','Tariff 3'
57,'4',4501,0.195525,'4','2','FALSE','FALSE','3','3','Tariff 2'
20,'3',2607,0.107622,'4','4','TRUE','TRUE','3','2','Tariff 1'
70,'2',3780,0.747168,'4','4','FALSE','TRUE','3','1','Tariff 1'
58,'2',3866,0.609773,'2','3','FALSE','FALSE','1','3','Tariff 1'
54,'2',5330,0.962367,'5','2','FALSE','FALSE','2','3','Tariff 1'
57,'6',2767,0.111178,'3','3','FALSE','FALSE','4','2','Tariff 1'
32,'5',5393,0.1148,'5','3','FALSE','FALSE','3','1','Tariff 2'
64,'5',2833,0.053786,'4','4','FALSE','FALSE','3','3','Tariff 2'
33,'5',5335,0.88085,'4','1','FALSE','TRUE','1','3','Tariff 2'
51,'5',4787,0.775937,'3','3','FALSE','FALSE','2','2','Tariff 2'
65,'4',2989,0.492839,'4','3','FALSE','FALSE','3','2','Tariff 2'
20,'2',5343,0.611066,'2','3','FALSE','FALSE','4','2','Tariff 1'
69,'5',5332,0.172476,'4','3','FALSE','FALSE','3','1','Tariff 2'
32,'5',3515,0.158203,'1','2','TRUE','FALSE','1','3','Tariff 1'
68,'2',4767,0.522498,'2','3','TRUE','TRUE','1','1','Tariff 3'
59,'3',3999,0.956419,'2','4','TRUE','TRUE','1','2','Tariff 3'
20,'2',3999,0.647322,'4','2','TRUE','FALSE','2','1','Tariff 1'
35,'2',3041,0.144466,'2','2','TRUE','FALSE','3','2','Tariff 3'
27,'2',3397,0.788285,'5','2','FALSE','FALSE','2','1','Tariff 1'
36,'2',2350,0.204322,'1','4','FALSE','TRUE','3','3','Tariff 1'
20,'2',2991,0.497256,'1','3','TRUE','FALSE','4','1','Tariff 2'
53,'6',3310,0.773439,'3','3','FALSE','FALSE','2','3','Tariff 1'
53,'4',4777,0.245419,'5','1','TRUE','TRUE','4','3','Tariff 1'
72,'3',4169,0.199675,'1','3','FALSE','TRUE','4','3','Tariff 1'
34,'5',3735,0.642212,'3','4','TRUE','TRUE','1','1','Tariff 2'
44,'3',2895,0.924296,'5','3','TRUE','FALSE','2','2','Tariff 1'
37,'2',4121,0.502654,'5','4','FALSE','TRUE','1','3','Tariff 1'
37,'5',3288,0.565116,'4','4','TRUE','TRUE','4','3','Tariff 1'
29,'5',4243,0.088972,'3','4','FALSE','TRUE','4','3','Tariff 3'
77,'6',4127,0.371799,'2','1','TRUE','TRUE','1','2','Tariff 2'
41,'1',2846,0.313032,'3','4','TRUE','FALSE','4','2','Tariff 1'
28,'3',4421,0.410378,'1','4','TRUE','FALSE','3','3','Tariff 1'
48,'4',5357,0.227702,'2','3','TRUE','FALSE','2','1','Tariff 2'
31,'1',3444,0.760778,'1','3','FALSE','FALSE','4','3','Tariff 1'
28,'4',5165,0.075259,'3','1','TRUE','TRUE','2','2','Tariff 2'
55,'3',2646,0.270314,'1','4','FALSE','FALSE','1','2','Tariff 1'
35,'4',2355,0.676096,'2','3','TRUE','TRUE','1','3','Tariff 1'
48,'6',4674,0.072937,'2','1','FALSE','FALSE','2','1','Tariff 1'
75,'1',5240,0.31735,'2','3','FALSE','TRUE','3','3','Tariff 1'
64,'4',3377,0.468089,'5','1','FALSE','FALSE','3','1','Tariff 2'
42,'3',4407,0.184262,'2','1','TRUE','FALSE','1','2','Tariff 2'
30,'5',2376,0.648207,'3','4','TRUE','TRUE','3','1','Tariff 2'
39,'2',4947,0.021897,'3','2','FALSE','FALSE','2','2','Tariff 1'
78,'2',4226,0.698675,'3','1','FALSE','TRUE','3','2','Tariff 1'
39,'2',5299,0.235585,'5','3','TRUE','TRUE','3','1','Tariff 1'
65,'3',4347,0.780876,'3','3','FALSE','TRUE','4','2','Tariff 1'
34,'3',3231,0.258746,'4','2','TRUE','TRUE','1','1','Tariff 1'
52,'4',2596,0.195171,'4','4','FALSE','TRUE','4','3','Tariff 3'
54,'5',3584,0.319605,'4','1','TRUE','TRUE','2','1','Tariff 2'
50,'4',4255,0.337494,'2','4','FALSE','FALSE','2','2','Tariff 2'
36,'6',2586,0.916065,'5','2','TRUE','TRUE','1','1','Tariff 3'
43,'2',2843,0.376589,'5','4','TRUE','FALSE','1','2','Tariff 3'
23,'3',5038,0.41253,'3','3','FALSE','TRUE','2','3','Tariff 1'
63,'1',4498,0.739047,'3','2','TRUE','TRUE','4','2','Tariff 1'
67,'2',5174,0.364734,'4','4','TRUE','TRUE','4','3','Tariff 1'
69,'4',2765,0.380654,'4','3','TRUE','FALSE','3','3','Tariff 1'
34,'6',3181,0.97931,'1','1','TRUE','FALSE','1','3','Tariff 1'
49,'3',3103,0.014159,'2','1','TRUE','FALSE','4','1','Tariff 1'
42,'3',3187,0.653692,'5','2','FALSE','TRUE','3','3','Tariff 1'
65,'4',4967,0.358775,'1','1','FALSE','TRUE','2','1','Tariff 3'
71,'2',4628,0.808284,'3','3','FALSE','TRUE','1','1','Tariff 1'
60,'4',3070,0.463078,'2','2','TRUE','TRUE','1','1','Tariff 2'
71,'4',3258,0.315297,'2','1','FALSE','TRUE','1','2','Tariff 1'
67,'3',4235,0.852739,'5','4','FALSE','TRUE','1','1','Tariff 1'
73,'6',5334,0.205221,'4','3','FALSE','FALSE','3','1','Tariff 2'
34,'6',3116,0.77399,'4','4','TRUE','FALSE','1','1','Tariff 2'
47,'5',5462,0.059977,'1','1','TRUE','TRUE','3','3','Tariff 1'
69,'4',5350,0.98381,'3','1','TRUE','TRUE','4','1','Tariff 2'
56,'2',3027,0.508148,'5','3','TRUE','TRUE','2','1','Tariff 1'
23,'4',2540,0.20366,'1','3','FALSE','TRUE','1','2','Tariff 3'
77,'4',4161,0.558376,'4','1','FALSE','FALSE','1','2','Tariff 2'
52,'4',3265,0.5648,'2','2','TRUE','FALSE','3','3','Tariff 1'
53,'5',3024,0.537692,'1','4','FALSE','FALSE','1','2','Tariff 2'
25,'5',4213,0.673718,'1','2','TRUE','TRUE','2','3','Tariff 3'
29,'3',4455,0.146912,'4','4','FALSE','FALSE','1','1','Tariff 1'
73,'5',5030,0.59431,'4','3','FALSE','TRUE','1','1','Tariff 3'
24,'1',2583,0.469709,'1','3','TRUE','TRUE','4','1','Tariff 1'
51,'5',2584,0.341863,'4','4','FALSE','TRUE','2','2','Tariff 3'
31,'2',3998,0.649088,'4','4','TRUE','FALSE','3','1','Tariff 1'
31,'2',2428,0.909714,'4','3','TRUE','TRUE','1','2','Tariff 1'
72,'3',4428,0.707803,'4','4','TRUE','FALSE','1','1','Tariff 1'
19,'1',4755,0.384049,'3','4','TRUE','FALSE','4','2','Tariff 1'
24,'3',3462,0.580107,'5','4','TRUE','TRUE','1','3','Tariff 3'
40,'3',2548,0.061616,'2','3','FALSE','FALSE','3','3','Tariff 1'
41,'1',3151,0.642939,'3','4','TRUE','TRUE','4','2','Tariff 1'
27,'1',2317,0.369217,'5','2','TRUE','TRUE','4','3','Tariff 3'
58,'6',2307,0.796292,'5','4','TRUE','FALSE','3','1','Tariff 2'
78,'1',5208,0.727362,'2','2','FALSE','TRUE','3','2','Tariff 1'
23,'3',2779,0.715605,'3','3','TRUE','FALSE','2','3','Tariff 2'
41,'2',2323,0.722385,'2','4','TRUE','TRUE','2','3','Tariff 3'
53,'1',3871,0.163486,'2','4','FALSE','FALSE','3','2','Tariff 1'
76,'5',2698,0.204836,'3','2','TRUE','TRUE','1','3','Tariff 1'
47,'6',3463,0.94313,'3','4','TRUE','TRUE','3','1','Tariff 1'
42,'4',4903,0.354924,'1','2','FALSE','FALSE','2','1','Tariff 2'
68,'1',2798,0.050078,'3','1','FALSE','FALSE','1','1','Tariff 1'
71,'6',5025,0.720164,'4','1','TRUE','FALSE','2','3','Tariff 1'
41,'1',3112,0.040518,'4','3','TRUE','TRUE','2','3','Tariff 3'
42,'2',3845,0.592608,'4','3','FALSE','TRUE','3','2','Tariff 1'
32,'1',4794,0.400472,'4','1','FALSE','FALSE','1','2','Tariff 1'
49,'1',2557,0.444063,'1','4','FALSE','FALSE','3','3','Tariff 1'
20,'3',4916,0.44777,'4','4','FALSE','TRUE','3','1','Tariff 1'
21,'1',5009,0.052529,'2','4','FALSE','FALSE','3','2','Tariff 1'
61,'4',5283,0.813784,'4','3','FALSE','FALSE','1','1','Tariff 2'
20,'2',2776,0.241461,'3','2','TRUE','TRUE','4','1','Tariff 3'
33,'3',4551,0.979964,'2','3','FALSE','FALSE','3','3','Tariff 1'
40,'4',4599,0.109229,'1','4','TRUE','FALSE','2','2','Tariff 3'
44,'6',2544,0.440232,'1','3','FALSE','TRUE','2','1','Tariff 1'
69,'4',4078,0.277649,'2','2','FALSE','TRUE','4','3','Tariff 3'
40,'6',3897,0.43845,'1','2','FALSE','FALSE','2','2','Tariff 2'
68,'1',2834,0.048402,'4','2','TRUE','TRUE','3','3','Tariff 3'
75,'1',3844,0.614128,'2','3','FALSE','FALSE','1','1','Tariff 1'
54,'2',2341,0.671618,'5','1','FALSE','FALSE','1','2','Tariff 1'
50,'2',5162,0.362319,'3','1','FALSE','TRUE','4','3','Tariff 1'
39,'5',4874,0.933287,'4','2','FALSE','FALSE','4','3','Tariff 2'
66,'1',3801,0.967595,'5','4','TRUE','TRUE','2','2','Tariff 3'
22,'1',4747,0.42334,'1','3','TRUE','FALSE','4','1','Tariff 2'
70,'4',2315,0.158896,'3','1','FALSE','FALSE','1','2','Tariff 2'
25,'1',3838,0.604374,'4','3','TRUE','FALSE','4','1','Tariff 1'
21,'1',3872,0.313051,'3','3','TRUE','FALSE','4','1','Tariff 2'
26,'2',3381,0.84667,'5','1','TRUE','FALSE','1','3','Tariff 2'
42,'2',5247,0.1303,'5','2','TRUE','FALSE','4','2','Tariff 3'
38,'2',2462,0.097308,'2','2','TRUE','FALSE','3','1','Tariff 1'
40,'6',4708,0.845223,'1','2','TRUE','FALSE','2','3','Tariff 2'
56,'6',4096,0.713146,'1','3','FALSE','TRUE','3','3','Tariff 1'
71,'3',4387,0.410224,'5','4','FALSE','TRUE','2','1','Tariff 1'
22,'3',3537,0.09687,'3','1','TRUE','TRUE','3','1','Tariff 1'
60,'2',2413,0.194871,'1','2','FALSE','TRUE','3','2','Tariff 1'
55,'3',4931,0.254369,'4','3','TRUE','TRUE','1','1','Tariff 2'
50,'5',5449,0.540858,'5','3','TRUE','TRUE','3','1','Tariff 2'
72,'6',5125,0.846696,'1','3','FALSE','TRUE','1','2','Tariff 3'
27,'3',3955,0.566636,'4','4','FALSE','TRUE','4','2','Tariff 1'
36,'5',2226,0.081772,'1','4','TRUE','FALSE','1','2','Tariff 2'
32,'6',4701,0.354501,'4','2','TRUE','TRUE','3','2','Tariff 3'
20,'3',3559,0.204878,'1','4','TRUE','TRUE','3','1','Tariff 1'
62,'4',5215,0.612326,'4','2','TRUE','FALSE','2','1','Tariff 1'
38,'4',4599,0.962463,'2','1','TRUE','FALSE','3','1','Tariff 1'
63,'2',3477,0.977683,'4','4','FALSE','TRUE','1','2','Tariff 1'
64,'2',2852,0.274871,'1','2','FALSE','TRUE','1','2','Tariff 1'
71,'6',3742,0.828684,'5','3','FALSE','FALSE','3','3','Tariff 1'
20,'5',3479,0.238464,'3','4','TRUE','FALSE','3','1','Tariff 2'
55,'4',2961,0.14772,'3','4','TRUE','FALSE','4','2','Tariff 1'
36,'3',4114,0.249108,'5','4','TRUE','FALSE','1','1','Tariff 2'
39,'5',3574,0.125119,'5','2','FALSE','TRUE','1','3','Tariff 3'
59,'3',5266,0.494063,'3','2','FALSE','FALSE','2','1','Tariff 1'
58,'4',3900,0.622422,'4','2','FALSE','TRUE','3','2','Tariff 3'
67,'1',4823,0.779527,'2','3','FALSE','FALSE','3','2','Tariff 1'
47,'6',2616,0.782056,'3','4','FALSE','FALSE','3','2','Tariff 1'
21,'5',3062,0.862103,'4','2','FALSE','TRUE','3','3','Tariff 3'
29,'6',2797,0.273272,'5','4','FALSE','TRUE','4','1','Tariff 3'
46,'5',4293,0.334673,'2','3','FALSE','TRUE','4','1','Tariff 3'
49,'5',2423,0.314546,'4','3','TRUE','FALSE','2','2','Tariff 2'
49,'4',2578,0.114937,'1','4','FALSE','TRUE','1','2','Tariff 2'
55,'5',3738,0.480677,'4','1','TRUE','TRUE','4','3','Tariff 1'
78,'5',3704,0.617333,'5','1','FALSE','TRUE','4','1','Tariff 1'
34,'5',4693,0.768424,'3','3','TRUE','FALSE','4','1','Tariff 1'
26,'6',4252,0.409405,'2','3','TRUE','TRUE','3','2','Tariff 3'
43,'2',5407,0.697008,'2','2','FALSE','FALSE','3','2','Tariff 1'
22,'1',2983,0.199649,'3','1','FALSE','TRUE','2','3','Tariff 1'
67,'2',4715,0.7078,'5','4','FALSE','FALSE','3','1','Tariff 1'
20,'2',2905,0.247566,'2','1','TRUE','FALSE','2','3','Tariff 1'
66,'4',2797,0.508911,'4','3','TRUE','TRUE','1','1','Tariff 2'
49,'1',3383,0.084426,'5','4','FALSE','FALSE','3','3','Tariff 1'
19,'6',4922,0.602812,'1','3','TRUE','FALSE','4','2','Tariff 1'
71,'5',2922,0.876056,'2','3','TRUE','FALSE','4','2','Tariff 1'
42,'5',3042,0.215002,'2','4','TRUE','FALSE','1','3','Tariff 2'
56,'6',3893,0.921842,'1','2','TRUE','FALSE','1','2','Tariff 3'
53,'1',2462,0.495557,'1','2','TRUE','FALSE','2','3','Tariff 2'
43,'1',4007,0.976824,'1','3','FALSE','TRUE','1','1','Tariff 1'
74,'6',3124,0.838328,'2','2','TRUE','TRUE','4','2','Tariff 3'
37,'6',3990,0.100045,'1','3','FALSE','FALSE','4','3','Tariff 1'
63,'5',2824,0.709789,'3','3','TRUE','TRUE','3','2','Tariff 2'
46,'2',5089,0.100638,'2','4','FALSE','FALSE','1','3','Tariff 1'
42,'2',4471,0.615078,'2','3','TRUE','FALSE','3','2','Tariff 2'
45,'5',2691,0.886119,'4','2','TRUE','TRUE','3','3','Tariff 3'
21,'4',2676,0.976423,'3','4','TRUE','FALSE','3','3','Tariff 2'
67,'6',2846,0.862111,'2','4','TRUE','TRUE','2','3','Tariff 1'
76,'6',5466,0.341835,'3','2','FALSE','FALSE','2','1','Tariff 1'
40,'1',3115,0.220646,'3','1','TRUE','TRUE','1','3','Tariff 3'
25,'6',2719,0.672077,'1','1','FALSE','TRUE','4','3','Tariff 1'
50,'4',2727,0.45118,'2','2','TRUE','TRUE','2','2','Tariff 3'
41,'5',3790,0.523228,'1','4','FALSE','FALSE','4','1','Tariff 2'
42,'4',4087,0.664641,'4','1','TRUE','FALSE','3','1','Tariff 1'
51,'5',2259,0.911845,'3','2','TRUE','TRUE','2','3','Tariff 3'
28,'1',3862,0.520783,'2','2','FALSE','FALSE','1','2','Tariff 1'
73,'5',4878,0.04018,'3','3','FALSE','TRUE','4','1','Tariff 3'
44,'1',3964,0.361835,'1','4','TRUE','TRUE','1','3','Tariff 3'
38,'1',5237,0.00016,'2','1','TRUE','TRUE','3','2','Tariff 1'
48,'4',4739,0.984185,'3','2','TRUE','FALSE','1','1','Tariff 2'
53,'2',5213,0.055991,'1','3','FALSE','FALSE','4','3','Tariff 1'
32,'3',2534,0.712343,'2','4','FALSE','TRUE','1','1','Tariff 1'
47,'2',4120,0.225079,'1','2','FALSE','TRUE','4','2','Tariff 1'
29,'2',5101,0.697733,'1','4','TRUE','FALSE','3','2','Tariff 1'
49,'5',4871,0.093349,'3','4','TRUE','FALSE','4','1','Tariff 2'
34,'6',2319,0.75548,'2','1','FALSE','FALSE','2','3','Tariff 1'
27,'4',2332,0.181504,'5','2','FALSE','FALSE','2','2','Tariff 2'
52,'2',4004,0.415975,'3','4','FALSE','FALSE','1','1','Tariff 1'
77,'6',3707,0.649896,'4','1','FALSE','TRUE','4','3','Tariff 1'
63,'4',2293,0.030003,'2','3','FALSE','TRUE','3','1','Tariff 1'
44,'3',3371,0.727802,'3','1','TRUE','FALSE','1','3','Tariff 1'
21,'4',2835,0.785963,'4','4','TRUE','FALSE','4','2','Tariff 1'
67,'6',4608,0.37333,'2','1','TRUE','TRUE','1','1','Tariff 1'
40,'1',3826,0.919328,'2','2','TRUE','FALSE','2','1','Tariff 1'
49,'6',5240,0.31797,'1','3','FALSE','FALSE','4','1','Tariff 2'
41,'6',5305,0.49619,'3','4','TRUE','TRUE','4','2','Tariff 1'
20,'4',2894,0.689064,'2','2','FALSE','TRUE','1','3','Tariff 3'
43,'6',2317,0.197247,'1','4','TRUE','TRUE','4','3','Tariff 2'
65,'2',4662,0.807971,'3','4','TRUE','FALSE','3','2','Tariff 1'
51,'2',3585,0.012978,'5','2','TRUE','TRUE','2','2','Tariff 3'
74,'5',3174,0.864321,'5','3','TRUE','TRUE','2','2','Tariff 2'
21,'4',2396,0.666478,'4','3','FALSE','TRUE','3','2','Tariff 1'
40,'2',4249,0.91001,'5','2','TRUE','FALSE','2','2','Tariff 3'
76,'1',3264,0.6233,'4','1','TRUE','TRUE','1','3','Tariff 1'
77,'5',4587,0.802059,'5','4','TRUE','FALSE','2','2','Tariff 1'
34,'6',3638,0.427828,'2','3','TRUE','TRUE','3','1','Tariff 1'
77,'3',4437,0.262517,'4','2','FALSE','TRUE','1','3','Tariff 1'
42,'1',3686,0.757866,'2','1','TRUE','FALSE','3','3','Tariff 2'
54,'3',3358,0.386501,'4','1','TRUE','FALSE','4','3','Tariff 1'
78,'5',2458,0.432059,'4','4','TRUE','TRUE','4','1','Tariff 2'
48,'1',3074,0.596259,'2','4','FALSE','FALSE','1','1','Tariff 1'
77,'1',3889,0.79196,'3','3','FALSE','TRUE','2','3','Tariff 1'
65,'1',3737,0.949081,'5','2','FALSE','FALSE','4','3','Tariff 1'
61,'3',2492,0.549531,'3','4','TRUE','FALSE','3','1','Tariff 2'
26,'1',4095,0.708472,'2','2','FALSE','FALSE','3','1','Tariff 1'
33,'6',2514,0.713894,'4','2','TRUE','FALSE','2','1','Tariff 1'
60,'6',4766,0.389425,'3','4','FALSE','FALSE','2','3','Tariff 2'
55,'6',4360,0.444445,'5','2','FALSE','TRUE','3','3','Tariff 3'
60,'1',5345,0.907093,'1','1','TRUE','FALSE','3','2','Tariff 1'
75,'3',3492,0.212059,'3','1','FALSE','FALSE','3','2','Tariff 1'
